{"name":"EVE Trade Standalone (BETA)","targetUrl":"https://evetrade.space","counter":false,"bounce":false,"width":1280,"height":800,"showMenuBar":false,"fastQuit":false,"userAgent":"Mozilla/5.0 (Macintosh; Intel Mac OS X 10_12_5) AppleWebKit/537.36 (KHTML, like Gecko) Chrome/61.0.3163.100 Safari/537.36","nativefierVersion":"7.6.6","ignoreCertificate":false,"disableGpu":false,"ignoreGpuBlacklist":false,"enableEs3Apis":false,"insecure":false,"flashPluginDir":null,"diskCacheSize":null,"fullScreen":false,"zoom":1,"internalUrls":null,"singleInstance":false,"win32metadata":{"ProductName":"EVE Trade Standalone (BETA)","InternalName":"EVE Trade Standalone (BETA)","FileDescription":"EVE Trade Standalone (BETA)"},"tray":false,"basicAuthUsername":null,"basicAuthPassword":null,"alwaysOnTop":false,"titleBarStyle":null}